number_of_trades,ISIN,instrumentId,instrumentType,currency,longDescription,maturityTypeValue,detailedCouponValue,calculationTypeValue,firstCouponDate,penultimateCouponDate,maturityDate,earliestMaturityDate,paymentDate,interestAccDate,parAmount,minPiece,minIncrement,marketSectorValue,firstConformingDate,lastConformingDate,conformantPeriodId,couponCurrency,endOfMonthRule,roundingForCoupon,settlementDays,lookupCouponTypeValue,freqValue,YieldConvType,dayCount,dayCountDiscount,dayCountFunding,coupon,interestRateIndexId,inflationIndexId,floatingIndexSpread,floatingIndexSideId,freqId,nextRefixDate,isIndexLinked,indexRatio,couponConventionId,IR_INDEX_DESC,IR_INDEX_NAME,frequency,INF_INDEX_DESC,INF_INDEX_NAME,description,resetIndexValue
1,DD0194695083,15396302,BOND,CHF,BALOISE HOLDING AG 2.000000 12Oct2022,AT MATURITY,FIXED,GERMAN BONDS,12/10/2013 00:00,12/10/2021 00:00,12/10/2022 00:00,12/10/2022 00:00,12/10/2012 00:00,12/10/2012 00:00,5000,5000,5000,Corp,12/10/2012 00:00,12/10/2022 00:00,11808716,CHF,Y,-1,2,FIXED,ANNUAL,SIA,GERMAN30/360,GERMAN30/360,ACT/360,2,,,,,,,,,,,,,,,,
1,DE0001141794,24155431,BOND,EUR,BUNDESOBLIGATION 0 05Apr2024 179,AT MATURITY,FIXED,GERMAN BONDS,05/04/2020 00:00,05/04/2023 00:00,05/04/2024 00:00,05/04/2024 00:00,25/01/2019 00:00,25/01/2019 00:00,0.01,0.01,0.01,Govt,25/01/2019 00:00,05/04/2024 00:00,20253809,EUR,Y,-1,2,FIXED,ANNUAL,SIA,ACT/ACT_ISMA,ACT/ACT_ISMA,ACT/360,0,,,,,,,,,,,,,,,,
2,DE0001141760,23249870,BOND,EUR,BUNDESOBLIGATION 0 07Oct2022 176,AT MATURITY,FIXED,GERMAN BONDS,07/10/2018 00:00,07/10/2021 00:00,07/10/2022 00:00,07/10/2022 00:00,07/07/2017 00:00,07/07/2017 00:00,0.01,0.01,0.01,Govt,07/07/2017 00:00,07/10/2022 00:00,19557850,EUR,Y,-1,2,FIXED,ANNUAL,SIA,ACT/ACT_ISMA,ACT/ACT_ISMA,ACT/360,0,,,,,,,,,,,,,,,,
9,DE0001141752,22929195,BOND,EUR,BUNDESOBLIGATION 0 08Apr2022 175,AT MATURITY,FIXED,GERMAN BONDS,08/04/2018 00:00,08/04/2021 00:00,08/04/2022 00:00,08/04/2022 00:00,03/02/2017 00:00,03/02/2017 00:00,0.01,0.01,0.01,Govt,03/02/2017 00:00,08/04/2022 00:00,19203326,EUR,Y,-1,2,FIXED,ANNUAL,SIA,ACT/ACT_ISMA,ACT/ACT_ISMA,ACT/360,0,,,,,,,,,,,,,,,,
8,DE0001141737,22226114,BOND,EUR,BUNDESOBLIGATION 0 09Apr2021 173,AT MATURITY,FIXED,GERMAN BONDS,09/04/2017 00:00,09/04/2020 00:00,09/04/2021 00:00,09/04/2021 00:00,05/02/2016 00:00,05/02/2016 00:00,0.01,0.01,0.01,Govt,05/02/2016 00:00,09/04/2021 00:00,18381963,EUR,Y,-1,2,FIXED,ANNUAL,SIA,ACT/ACT_ISMA,ACT/ACT_ISMA,ACT/360,0,,,,,,,,,,,,,,,,
9,DE0001141810,25567575,BOND,EUR,BUNDESOBLIGATION 0 11Apr2025 181,AT MATURITY,FIXED,GERMAN BONDS,11/04/2021 00:00,11/04/2024 00:00,11/04/2025 00:00,11/04/2025 00:00,31/01/2020 00:00,31/01/2020 00:00,0.01,0.01,0.01,Govt,31/01/2020 00:00,11/04/2025 00:00,21554244,EUR,Y,-1,2,FIXED,ANNUAL,SIA,ACT/ACT_ISMA,ACT/ACT_ISMA,ACT/360,0,,,,,,,,,,,,,,,,
1,DE0001141786,24129570,BOND,EUR,BUNDESOBLIGATION 0 13Oct2023 178,AT MATURITY,FIXED,GERMAN BONDS,13/10/2019 00:00,13/10/2022 00:00,13/10/2023 00:00,13/10/2023 00:00,27/07/2018 00:00,27/07/2018 00:00,0.01,0.01,0.01,Govt,27/07/2018 00:00,13/10/2023 00:00,20235898,EUR,Y,-1,2,FIXED,ANNUAL,SIA,ACT/ACT_ISMA,ACT/ACT_ISMA,ACT/360,0,,,,,,,,,,,,,,,,
7,DE0001141711,21585719,BOND,EUR,BUNDESOBLIGATION 0 17Apr2020 171,AT MATURITY,FIXED,GERMAN BONDS,17/04/2016 00:00,17/04/2019 00:00,17/04/2020 00:00,17/04/2020 00:00,23/01/2015 00:00,23/01/2015 00:00,0.01,0.01,0.01,Govt,23/01/2015 00:00,17/04/2020 00:00,17694516,EUR,Y,-1,2,FIXED,ANNUAL,SIA,ACT/ACT_ISMA,ACT/ACT_ISMA,ACT/360,0,,,,,,,,,,,,,,,,
2,DE0001141802,24236295,BOND,EUR,BUNDESOBLIGATION 0 18Oct2024 180,AT MATURITY,FIXED,GERMAN BONDS,18/10/2020 00:00,18/10/2023 00:00,18/10/2024 00:00,18/10/2024 00:00,05/07/2019 00:00,05/07/2019 00:00,0.01,0.01,0.01,Govt,05/07/2019 00:00,18/10/2024 00:00,20307350,EUR,Y,-1,2,FIXED,ANNUAL,SIA,ACT/ACT_ISMA,ACT/ACT_ISMA,ACT/360,0,,,,,,,,,,,,,,,,
4,DE0001141703,21385913,BOND,EUR,BUNDESOBLIGATION 0.250000 11Oct2019 170,AT MATURITY,FIXED,GERMAN BONDS,11/10/2015 00:00,11/10/2018 00:00,11/10/2019 00:00,11/10/2019 00:00,05/09/2014 00:00,05/09/2014 00:00,0.01,0.01,0.01,Govt,05/09/2014 00:00,11/10/2019 00:00,17485865,EUR,Y,-1,2,FIXED,ANNUAL,SIA,ACT/ACT_ISMA,ACT/ACT_ISMA,ACT/360,0.25,,,,,,,,,,,,,,,,
20,DE0001141729,21852191,BOND,EUR,BUNDESOBLIGATION 0.250000 16Oct2020 172,AT MATURITY,FIXED,GERMAN BONDS,16/10/2016 00:00,16/10/2019 00:00,16/10/2020 00:00,16/10/2020 00:00,03/07/2015 00:00,03/07/2015 00:00,0.01,0.01,0.01,Govt,03/07/2015 00:00,16/10/2020 00:00,17972235,EUR,Y,-1,2,FIXED,ANNUAL,SIA,ACT/ACT_ISMA,ACT/ACT_ISMA,ACT/360,0.25,,,,,,,,,,,,,,,,
6,DE0001141695,21230569,BOND,EUR,BUNDESOBLIGATION 0.500000 12Apr2019 169,AT MATURITY,FIXED,GERMAN BONDS,12/04/2015 00:00,12/04/2018 00:00,12/04/2019 00:00,12/04/2019 00:00,09/05/2014 00:00,12/04/2014 00:00,0.01,0.01,0.01,Govt,12/04/2014 00:00,12/04/2019 00:00,17315657,EUR,Y,-1,2,FIXED,ANNUAL,SIA,ACT/ACT_ISMA,ACT/ACT_ISMA,ACT/360,0.5,,,,,,,,,,,,,,,,
3,DE0001141687,21057043,BOND,EUR,BUNDESOBLIGATION 1.000000 22Feb2019 168,AT MATURITY,FIXED,GERMAN BONDS,22/02/2015 00:00,22/02/2018 00:00,22/02/2019 00:00,22/02/2019 00:00,17/01/2014 00:00,17/01/2014 00:00,0.01,0.01,0.01,Govt,17/01/2014 00:00,22/02/2019 00:00,16880188,EUR,Y,-1,2,FIXED,ANNUAL,SIA,ACT/ACT_ISMA,ACT/ACT_ISMA,ACT/360,1,,,,,,,,,,,,,,,,
67,DE0001102408,22536038,BOND,EUR,BUNDESREPUB. DEUTSCHLAND 0 15Aug2026,AT MATURITY,FIXED,GERMAN BONDS,15/08/2017 00:00,15/08/2025 00:00,15/08/2026 00:00,15/08/2026 00:00,15/07/2016 00:00,15/07/2016 00:00,0.01,0.01,0.01,Govt,15/07/2016 00:00,15/08/2026 00:00,18728054,EUR,Y,-1,2,FIXED,ANNUAL,SIA,ACT/ACT_ISMA,ACT/ACT_ISMA,ACT/360,0,,,,,,,,,,,,,,,,
30,DE0001102473,24237169,BOND,EUR,BUNDESREPUB. DEUTSCHLAND 0 15Aug2029,AT MATURITY,FIXED,GERMAN BONDS,15/08/2020 00:00,15/08/2028 00:00,15/08/2029 00:00,15/08/2029 00:00,12/07/2019 00:00,12/07/2019 00:00,0.01,0.01,0.01,Govt,12/07/2019 00:00,15/08/2029 00:00,20308049,EUR,Y,-1,2,FIXED,ANNUAL,SIA,ACT/ACT_ISMA,ACT/ACT_ISMA,ACT/360,0,,,,,,,,,,,,,,,,
19,DE0001102481,24242498,BOND,EUR,BUNDESREPUB. DEUTSCHLAND 0 15Aug2050,AT MATURITY,FIXED,GERMAN BONDS,15/08/2020 00:00,15/08/2049 00:00,15/08/2050 00:00,15/08/2050 00:00,23/08/2019 00:00,15/08/2019 00:00,0.01,0.01,0.01,Govt,15/08/2019 00:00,15/08/2050 00:00,20311786,EUR,Y,-1,2,FIXED,ANNUAL,SIA,ACT/ACT_ISMA,ACT/ACT_ISMA,ACT/360,0,,,,,,,,,,,,,,,,
31,DE0001102499,25510581,BOND,EUR,BUNDESREPUB. DEUTSCHLAND 0 15Feb2030,AT MATURITY,FIXED,GERMAN BONDS,15/02/2021 00:00,15/02/2029 00:00,15/02/2030 00:00,15/02/2030 00:00,10/01/2020 00:00,10/01/2020 00:00,0.01,0.01,0.01,Govt,10/01/2020 00:00,15/02/2030 00:00,21499375,EUR,Y,-1,2,FIXED,ANNUAL,SIA,ACT/ACT_ISMA,ACT/ACT_ISMA,ACT/360,0,,,,,,,,,,,,,,,,
26,DE0001102457,24115346,BOND,EUR,BUNDESREPUB. DEUTSCHLAND 0.250000 15Aug2028,AT MATURITY,FIXED,GERMAN BONDS,15/08/2019 00:00,15/08/2027 00:00,15/08/2028 00:00,15/08/2028 00:00,13/07/2018 00:00,13/07/2018 00:00,0.01,0.01,0.01,Govt,13/07/2018 00:00,15/08/2028 00:00,20223860,EUR,Y,-1,2,FIXED,ANNUAL,SIA,ACT/ACT_ISMA,ACT/ACT_ISMA,ACT/360,0.25,,,,,,,,,,,,,,,,
84,DE0001102416,22874477,BOND,EUR,BUNDESREPUB. DEUTSCHLAND 0.250000 15Feb2027,AT MATURITY,FIXED,GERMAN BONDS,15/02/2018 00:00,15/02/2026 00:00,15/02/2027 00:00,15/02/2027 00:00,13/01/2017 00:00,13/01/2017 00:00,0.01,0.01,0.01,Govt,13/01/2017 00:00,15/02/2027 00:00,19138631,EUR,Y,-1,2,FIXED,ANNUAL,SIA,ACT/ACT_ISMA,ACT/ACT_ISMA,ACT/360,0.25,,,,,,,,,,,,,,,,
34,DE0001102465,24154056,BOND,EUR,BUNDESREPUB. DEUTSCHLAND 0.250000 15Feb2029,AT MATURITY,FIXED,GERMAN BONDS,15/02/2020 00:00,15/02/2028 00:00,15/02/2029 00:00,15/02/2029 00:00,11/01/2019 00:00,11/01/2019 00:00,0.01,0.01,0.01,Govt,11/01/2019 00:00,15/02/2029 00:00,20253193,EUR,Y,-1,2,FIXED,ANNUAL,SIA,ACT/ACT_ISMA,ACT/ACT_ISMA,ACT/360,0.25,,,,,,,,,,,,,,,,
50,DE0001102424,23267467,BOND,EUR,BUNDESREPUB. DEUTSCHLAND 0.500000 15Aug2027,AT MATURITY,FIXED,GERMAN BONDS,15/08/2018 00:00,15/08/2026 00:00,15/08/2027 00:00,15/08/2027 00:00,14/07/2017 00:00,14/07/2017 00:00,0.01,0.01,0.01,Govt,14/07/2017 00:00,15/08/2027 00:00,19577300,EUR,Y,-1,2,FIXED,ANNUAL,SIA,ACT/ACT_ISMA,ACT/ACT_ISMA,ACT/360,0.5,,,,,,,,,,,,,,,,
33,DE0001102374,21577416,BOND,EUR,BUNDESREPUB. DEUTSCHLAND 0.500000 15Feb2025,AT MATURITY,FIXED,GERMAN BONDS,15/02/2016 00:00,15/02/2024 00:00,15/02/2025 00:00,15/02/2025 00:00,16/01/2015 00:00,16/01/2015 00:00,0.01,0.01,0.01,Govt,16/01/2015 00:00,15/02/2025 00:00,17685114,EUR,Y,-1,2,FIXED,ANNUAL,SIA,ACT/ACT_ISMA,ACT/ACT_ISMA,ACT/360,0.5,,,,,,,,,,,,,,,,
32,DE0001102390,22182722,BOND,EUR,BUNDESREPUB. DEUTSCHLAND 0.500000 15Feb2026,AT MATURITY,FIXED,GERMAN BONDS,15/02/2017 00:00,15/02/2025 00:00,15/02/2026 00:00,15/02/2026 00:00,15/01/2016 00:00,15/01/2016 00:00,0.01,0.01,0.01,Govt,15/01/2016 00:00,15/02/2026 00:00,18332847,EUR,Y,-1,2,FIXED,ANNUAL,SIA,ACT/ACT_ISMA,ACT/ACT_ISMA,ACT/360,0.5,,,,,,,,,,,,,,,,
31,DE0001102440,23603506,BOND,EUR,BUNDESREPUB. DEUTSCHLAND 0.500000 15Feb2028,AT MATURITY,FIXED,GERMAN BONDS,15/02/2019 00:00,15/02/2027 00:00,15/02/2028 00:00,15/02/2028 00:00,12/01/2018 00:00,12/01/2018 00:00,0.01,0.01,0.01,Govt,12/01/2018 00:00,15/02/2028 00:00,19946409,EUR,Y,-1,2,FIXED,ANNUAL,SIA,ACT/ACT_ISMA,ACT/ACT_ISMA,ACT/360,0.5,,,,,,,,,,,,,,,,
32,DE0001102366,21395496,BOND,EUR,BUNDESREPUB. DEUTSCHLAND 1.000000 15Aug2024,AT MATURITY,FIXED,GERMAN BONDS,15/08/2015 00:00,15/08/2023 00:00,15/08/2024 00:00,15/08/2024 00:00,12/09/2014 00:00,15/08/2014 00:00,0.01,0.01,0.01,Govt,15/08/2014 00:00,15/08/2024 00:00,17495679,EUR,Y,-1,2,FIXED,ANNUAL,SIA,ACT/ACT_ISMA,ACT/ACT_ISMA,ACT/360,1,,,,,,,,,,,,,,,,
21,DE0001102382,21870453,BOND,EUR,BUNDESREPUB. DEUTSCHLAND 1.000000 15Aug2025,AT MATURITY,FIXED,GERMAN BONDS,15/08/2016 00:00,15/08/2024 00:00,15/08/2025 00:00,15/08/2025 00:00,17/07/2015 00:00,17/07/2015 00:00,0.01,0.01,0.01,Govt,17/07/2015 00:00,15/08/2025 00:00,17991593,EUR,Y,-1,2,FIXED,ANNUAL,SIA,ACT/ACT_ISMA,ACT/ACT_ISMA,ACT/360,1,,,,,,,,,,,,,,,,
9,DE0001102432,23371067,BOND,EUR,BUNDESREPUB. DEUTSCHLAND 1.250000 15Aug2048,AT MATURITY,FIXED,GERMAN BONDS,15/08/2018 00:00,15/08/2047 00:00,15/08/2048 00:00,15/08/2048 00:00,22/09/2017 00:00,15/08/2017 00:00,0.01,0.01,0.01,Govt,15/08/2017 00:00,15/08/2048 00:00,19690735,EUR,Y,-1,2,FIXED,ANNUAL,SIA,ACT/ACT_ISMA,ACT/ACT_ISMA,ACT/360,1.25,,,,,,,,,,,,,,,,
35,DE0001135499,15258766,BOND,EUR,BUNDESREPUB. DEUTSCHLAND 1.500000 04Sep2022,AT MATURITY,FIXED,GERMAN BONDS,04/09/2013 00:00,04/09/2021 00:00,04/09/2022 00:00,04/09/2022 00:00,07/09/2012 00:00,04/09/2012 00:00,0.01,0.01,0.01,Govt,04/09/2012 00:00,04/09/2022 00:00,11670421,EUR,Y,-1,2,FIXED,ANNUAL,SIA,ACT/ACT_ISMA,ACT/ACT_ISMA,ACT/360,1.5,,,,,,,,,,,,,,,,
104,DE0001102309,16538582,BOND,EUR,BUNDESREPUB. DEUTSCHLAND 1.500000 15Feb2023,AT MATURITY,FIXED,GERMAN BONDS,15/02/2014 00:00,15/02/2022 00:00,15/02/2023 00:00,15/02/2023 00:00,18/01/2013 00:00,18/01/2013 00:00,0.01,0.01,0.01,Govt,18/01/2013 00:00,15/02/2023 00:00,12971396,EUR,Y,-1,2,FIXED,ANNUAL,SIA,ACT/ACT_ISMA,ACT/ACT_ISMA,ACT/360,1.5,,,,,,,,,,,,,,,,
42,DE0001102317,17935524,BOND,EUR,BUNDESREPUB. DEUTSCHLAND 1.500000 15May2023,AT MATURITY,FIXED,GERMAN BONDS,15/05/2014 00:00,15/05/2022 00:00,15/05/2023 00:00,15/05/2023 00:00,24/05/2013 00:00,15/05/2013 00:00,0.01,0.01,0.01,Govt,15/05/2013 00:00,15/05/2023 00:00,14352257,EUR,Y,-1,2,FIXED,ANNUAL,SIA,ACT/ACT_ISMA,ACT/ACT_ISMA,ACT/360,1.5,,,,,,,,,,,,,,,,
27,DE0001102358,21250780,BOND,EUR,BUNDESREPUB. DEUTSCHLAND 1.500000 15May2024,AT MATURITY,FIXED,GERMAN BONDS,15/05/2015 00:00,15/05/2023 00:00,15/05/2024 00:00,15/05/2024 00:00,23/05/2014 00:00,15/05/2014 00:00,0.01,0.01,0.01,Govt,15/05/2014 00:00,15/05/2024 00:00,17336565,EUR,Y,-1,2,FIXED,ANNUAL,SIA,ACT/ACT_ISMA,ACT/ACT_ISMA,ACT/360,1.5,,,,,,,,,,,,,,,,
7,DE0001135473,13849116,BOND,EUR,BUNDESREPUB. DEUTSCHLAND 1.750000 04Jul2022,AT MATURITY,FIXED,GERMAN BONDS,04/07/2013 00:00,04/07/2021 00:00,04/07/2022 00:00,04/07/2022 00:00,13/04/2012 00:00,13/04/2012 00:00,0.01,0.01,0.01,Govt,13/04/2012 00:00,04/07/2022 00:00,10238430,EUR,Y,-1,2,FIXED,ANNUAL,SIA,ACT/ACT_ISMA,ACT/ACT_ISMA,ACT/360,1.75,,,,,,,,,,,,,,,,
29,DE0001102333,21076596,BOND,EUR,BUNDESREPUB. DEUTSCHLAND 1.750000 15Feb2024,AT MATURITY,FIXED,GERMAN BONDS,15/02/2015 00:00,15/02/2023 00:00,15/02/2024 00:00,15/02/2024 00:00,31/01/2014 00:00,31/01/2014 00:00,0.01,0.01,0.01,Govt,31/01/2014 00:00,15/02/2024 00:00,16900179,EUR,Y,-1,2,FIXED,ANNUAL,SIA,ACT/ACT_ISMA,ACT/ACT_ISMA,ACT/360,1.75,,,,,,,,,,,,,,,,
29,DE0001135465,12298311,BOND,EUR,BUNDESREPUB. DEUTSCHLAND 2.000000 04Jan2022,AT MATURITY,FIXED,GERMAN BONDS,04/01/2013 00:00,04/01/2021 00:00,04/01/2022 00:00,04/01/2022 00:00,25/11/2011 00:00,25/11/2011 00:00,0.01,0.01,0.01,Govt,25/11/2011 00:00,04/01/2022 00:00,8667754,EUR,Y,-1,2,FIXED,ANNUAL,SIA,ACT/ACT_ISMA,ACT/ACT_ISMA,ACT/360,2,,,,,,,,,,,,,,,,
17,DE0001102325,19148116,BOND,EUR,BUNDESREPUB. DEUTSCHLAND 2.000000 15Aug2023,AT MATURITY,FIXED,GERMAN BONDS,15/08/2014 00:00,15/08/2022 00:00,15/08/2023 00:00,15/08/2023 00:00,13/09/2013 00:00,15/08/2013 00:00,0.01,0.01,0.01,Govt,15/08/2013 00:00,15/08/2023 00:00,15580722,EUR,Y,-1,2,FIXED,ANNUAL,SIA,ACT/ACT_ISMA,ACT/ACT_ISMA,ACT/360,2,,,,,,,,,,,,,,,,
25,DE0001135416,9386278,BOND,EUR,BUNDESREPUB. DEUTSCHLAND 2.250000 04Sep2020,AT MATURITY,FIXED,GERMAN BONDS,04/09/2011 00:00,04/09/2019 00:00,04/09/2020 00:00,04/09/2020 00:00,20/08/2010 00:00,20/08/2010 00:00,0.01,0.01,0.01,Govt,20/08/2010 00:00,04/09/2020 00:00,5683995,EUR,Y,-1,2,FIXED,ANNUAL,SIA,ACT/ACT_ISMA,ACT/ACT_ISMA,ACT/360,2.25,,,,,,,,,,,,,,,,
11,DE0001135457,11424562,BOND,EUR,BUNDESREPUB. DEUTSCHLAND 2.250000 04Sep2021,AT MATURITY,FIXED,GERMAN BONDS,04/09/2012 00:00,04/09/2020 00:00,04/09/2021 00:00,04/09/2021 00:00,26/08/2011 00:00,26/08/2011 00:00,0.01,0.01,0.01,Govt,26/08/2011 00:00,04/09/2021 00:00,7809112,EUR,Y,-1,2,FIXED,ANNUAL,SIA,ACT/ACT_ISMA,ACT/ACT_ISMA,ACT/360,2.25,,,,,,,,,,,,,,,,
17,DE0001135424,9713625,BOND,EUR,BUNDESREPUB. DEUTSCHLAND 2.500000 04Jan2021,AT MATURITY,FIXED,GERMAN BONDS,04/01/2012 00:00,04/01/2020 00:00,04/01/2021 00:00,04/01/2021 00:00,26/11/2010 00:00,26/11/2010 00:00,0.01,0.01,0.01,Govt,26/11/2010 00:00,04/01/2021 00:00,6032586,EUR,Y,-1,2,FIXED,ANNUAL,SIA,ACT/ACT_ISMA,ACT/ACT_ISMA,ACT/360,2.5,,,,,,,,,,,,,,,,
1,DE0001135481,13937857,BOND,EUR,BUNDESREPUB. DEUTSCHLAND 2.500000 04Jul2044,AT MATURITY,FIXED,GERMAN BONDS,04/07/2013 00:00,04/07/2043 00:00,04/07/2044 00:00,04/07/2044 00:00,27/04/2012 00:00,27/04/2012 00:00,0.01,0.01,0.01,Govt,27/04/2012 00:00,04/07/2044 00:00,10326881,EUR,Y,-1,2,FIXED,ANNUAL,SIA,ACT/ACT_ISMA,ACT/ACT_ISMA,ACT/360,2.5,,,,,,,,,,,,,,,,
5,DE0001102341,21108514,BOND,EUR,BUNDESREPUB. DEUTSCHLAND 2.500000 15Aug2046,AT MATURITY,FIXED,GERMAN BONDS,15/08/2015 00:00,15/08/2045 00:00,15/08/2046 00:00,15/08/2046 00:00,28/02/2014 00:00,28/02/2014 00:00,0.01,0.01,0.01,Govt,28/02/2014 00:00,15/08/2046 00:00,16932874,EUR,Y,-1,2,FIXED,ANNUAL,SIA,ACT/ACT_ISMA,ACT/ACT_ISMA,ACT/360,2.5,,,,,,,,,,,,,,,,
44,DE0001135408,9087063,BOND,EUR,BUNDESREPUB. DEUTSCHLAND 3.000000 04Jul2020,AT MATURITY,FIXED,GERMAN BONDS,04/07/2011 00:00,04/07/2019 00:00,04/07/2020 00:00,04/07/2020 00:00,30/04/2010 00:00,30/04/2010 00:00,0.01,0.01,0.01,Govt,30/04/2010 00:00,04/07/2020 00:00,5290321,EUR,Y,-1,2,FIXED,ANNUAL,SIA,ACT/ACT_ISMA,ACT/ACT_ISMA,ACT/360,3,,,,,,,,,,,,,,,,
47,DE0001135390,8643306,BOND,EUR,BUNDESREPUB. DEUTSCHLAND 3.250000 04Jan2020 09,AT MATURITY,FIXED,GERMAN BONDS,04/01/2011 00:00,04/01/2019 00:00,04/01/2020 00:00,04/01/2020 00:00,13/11/2009 00:00,13/11/2009 00:00,0.01,0.01,0.01,Govt,13/11/2009 00:00,04/01/2020 00:00,4705882,EUR,Y,-1,2,FIXED,ANNUAL,SIA,ACT/ACT_ISMA,ACT/ACT_ISMA,ACT/360,3.25,,,,,,,,,,,,,,,,
31,DE0001135440,10430701,BOND,EUR,BUNDESREPUB. DEUTSCHLAND 3.250000 04Jul2021,AT MATURITY,FIXED,GERMAN BONDS,04/07/2012 00:00,04/07/2020 00:00,04/07/2021 00:00,04/07/2021 00:00,29/04/2011 00:00,29/04/2011 00:00,0.01,0.01,0.01,Govt,29/04/2011 00:00,04/07/2021 00:00,6816596,EUR,Y,-1,2,FIXED,ANNUAL,SIA,ACT/ACT_ISMA,ACT/ACT_ISMA,ACT/360,3.25,,,,,,,,,,,,,,,,
16,DE0001135382,8188187,BOND,EUR,BUNDESREPUB. DEUTSCHLAND 3.500000 04Jul2019 09,AT MATURITY,FIXED,GERMAN BONDS,04/07/2010 00:00,04/07/2018 00:00,04/07/2019 00:00,04/07/2019 00:00,22/05/2009 00:00,22/05/2009 00:00,0.01,0.01,0.01,Govt,22/05/2009 00:00,04/07/2019 00:00,4216119,EUR,Y,-1,2,FIXED,ANNUAL,SIA,ACT/ACT_ISMA,ACT/ACT_ISMA,ACT/360,3.5,,,,,,,,,,,,,,,,
9,DE0001135374,7629550,BOND,EUR,BUNDESREPUB. DEUTSCHLAND 3.750000 04Jan2019 08,AT MATURITY,FIXED,GERMAN BONDS,04/01/2010 00:00,04/01/2018 00:00,04/01/2019 00:00,04/01/2019 00:00,14/11/2008 00:00,14/11/2008 00:00,0.01,0.01,0.01,Govt,14/11/2008 00:00,04/01/2019 00:00,3539567,EUR,Y,-1,2,FIXED,ANNUAL,SIA,ACT/ACT_ISMA,ACT/ACT_ISMA,ACT/360,3.75,,,,,,,,,,,,,,,,
105,DE0001135275,3543135,BOND,EUR,BUNDESREPUB. DEUTSCHLAND 4.000000 04Jan2037 05,AT MATURITY,FIXED,GERMAN BONDS,04/01/2006 00:00,04/01/2036 00:00,04/01/2037 00:00,04/01/2037 00:00,28/01/2005 00:00,04/01/2005 00:00,0.01,0.01,0.01,Govt,04/01/2005 00:00,04/01/2037 00:00,658600,EUR,Y,-1,2,FIXED,ANNUAL,SIA,ACT/ACT_ISMA,ACT/ACT_ISMA,ACT/360,4,,,,,,,,,,,,,,,,
12,DE0001135085,2000704,BOND,EUR,BUNDESREPUB. DEUTSCHLAND 4.750000 04Jul2028 98,AT MATURITY,FIXED,GERMAN BONDS,04/07/1999 00:00,04/07/2027 00:00,04/07/2028 00:00,04/07/2028 00:00,09/10/1998 00:00,04/07/1998 00:00,0.01,0.01,0.01,Govt,04/07/1998 00:00,04/07/2028 00:00,107300,EUR,Y,-1,2,FIXED,ANNUAL,SIA,ACT/ACT_ISMA,ACT/ACT_ISMA,ACT/360,4.75,,,,,,,,,,,,,,,,
5,DE0001135226,2128323,BOND,EUR,BUNDESREPUB. DEUTSCHLAND 4.750000 04Jul2034 03,AT MATURITY,FIXED,GERMAN BONDS,04/07/2004 00:00,04/07/2033 00:00,04/07/2034 00:00,04/07/2034 00:00,31/01/2003 00:00,31/01/2003 00:00,0.01,0.01,0.01,Govt,31/01/2003 00:00,04/07/2034 00:00,193853,EUR,Y,-1,2,FIXED,ANNUAL,SIA,ACT/ACT_ISMA,ACT/ACT_ISMA,ACT/360,4.75,,,,,,,,,,,,,,,,
1,DE0001135176,2000718,BOND,EUR,BUNDESREPUB. DEUTSCHLAND 5.500000 04Jan2031 00,AT MATURITY,FIXED,GERMAN BONDS,04/01/2002 00:00,04/01/2030 00:00,04/01/2031 00:00,04/01/2031 00:00,27/10/2000 00:00,27/10/2000 00:00,0.01,0.01,0.01,Govt,27/10/2000 00:00,04/01/2031 00:00,52587,EUR,Y,-1,2,FIXED,ANNUAL,SIA,ACT/ACT_ISMA,ACT/ACT_ISMA,ACT/360,5.5,,,,,,,,,,,,,,,,
22,DE0001135069,2000700,BOND,EUR,BUNDESREPUB. DEUTSCHLAND 5.625000 04Jan2028 98,AT MATURITY,FIXED,GERMAN BONDS,04/01/1999 00:00,04/01/2027 00:00,04/01/2028 00:00,04/01/2028 00:00,23/01/1998 00:00,04/01/1998 00:00,0.01,0.01,0.01,Govt,04/01/1998 00:00,04/01/2028 00:00,52578,EUR,Y,-1,2,FIXED,ANNUAL,SIA,ACT/ACT_ISMA,ACT/ACT_ISMA,ACT/360,5.625,,,,,,,,,,,,,,,,
5,DE0001134922,2000682,BOND,EUR,BUNDESREPUB. DEUTSCHLAND 6.250000 04Jan2024 94,AT MATURITY,FIXED,GERMAN BONDS,04/01/1995 00:00,04/01/2023 00:00,04/01/2024 00:00,04/01/2024 00:00,04/01/1994 00:00,04/01/1994 00:00,0.01,0.01,0.01,Govt,04/01/1994 00:00,04/01/2024 00:00,52569,EUR,Y,-1,2,FIXED,ANNUAL,SIA,ACT/ACT_ISMA,ACT/ACT_ISMA,ACT/360,6.25,,,,,,,,,,,,,,,,
14,DE0001135044,2000696,BOND,EUR,BUNDESREPUB. DEUTSCHLAND 6.500000 04Jul2027 97,AT MATURITY,FIXED,GERMAN BONDS,04/07/1998 00:00,04/07/2026 00:00,04/07/2027 00:00,04/07/2027 00:00,04/07/1997 00:00,04/07/1997 00:00,0.01,0.01,0.01,Govt,04/07/1997 00:00,04/07/2027 00:00,52576,EUR,Y,-1,2,FIXED,ANNUAL,SIA,ACT/ACT_ISMA,ACT/ACT_ISMA,ACT/360,6.5,,,,,,,,,,,,,,,,
1,MF0024227924,24227925,BOND,EUR,BUNDESSCHATZANW 0 11Jun2021,AT MATURITY,FIXED,GERMAN BONDS,11/06/2020 00:00,11/06/2020 00:00,11/06/2021 00:00,11/06/2021 00:00,15/05/2019 00:00,30/05/2019 00:00,1000,0,0,Govt,30/05/2019 00:00,11/06/2021 00:00,20301168,EUR,Y,-1,2,FIXED,ANNUAL,SIA,ACT/ACT_ISMA,ACT/ACT_ISMA,ACT/360,0,,,,,,,,,,,,,,,,
1,DE0001104784,25353102,BOND,EUR,BUNDESSCHATZANWEISUNGEN 0 10Dec2021,AT MATURITY,FIXED,GERMAN BONDS,10/12/2020 00:00,10/12/2020 00:00,10/12/2021 00:00,10/12/2021 00:00,14/11/2019 00:00,14/11/2019 00:00,0.01,0.01,0.01,Govt,14/11/2019 00:00,10/12/2021 00:00,21328884,EUR,Y,-1,2,FIXED,ANNUAL,SIA,ACT/ACT_ISMA,ACT/ACT_ISMA,ACT/360,0,,,,,,,,,,,,,,,,
5,DE0001104776,24242976,BOND,EUR,BUNDESSCHATZANWEISUNGEN 0 10Sep2021,AT MATURITY,FIXED,GERMAN BONDS,10/09/2020 00:00,10/09/2020 00:00,10/09/2021 00:00,10/09/2021 00:00,29/08/2019 00:00,29/08/2019 00:00,0.01,0.01,0.01,Govt,29/08/2019 00:00,10/09/2021 00:00,20312065,EUR,Y,-1,2,FIXED,ANNUAL,SIA,ACT/ACT_ISMA,ACT/ACT_ISMA,ACT/360,0,,,,,,,,,,,,,,,,
27,DE0001104743,24151344,BOND,EUR,BUNDESSCHATZANWEISUNGEN 0 11Dec2020,AT MATURITY,FIXED,GERMAN BONDS,11/12/2019 00:00,11/12/2019 00:00,11/12/2020 00:00,11/12/2020 00:00,15/11/2018 00:00,15/11/2018 00:00,0.01,0.01,0.01,Govt,15/11/2018 00:00,11/12/2020 00:00,20251559,EUR,Y,-1,2,FIXED,ANNUAL,SIA,ACT/ACT_ISMA,ACT/ACT_ISMA,ACT/360,0,,,,,,,,,,,,,,,,
8,DE0001104768,24230515,BOND,EUR,BUNDESSCHATZANWEISUNGEN 0 11Jun2021,AT MATURITY,FIXED,GERMAN BONDS,11/06/2020 00:00,11/06/2020 00:00,11/06/2021 00:00,11/06/2021 00:00,30/05/2019 00:00,30/05/2019 00:00,0.01,0.01,0.01,Govt,30/05/2019 00:00,11/06/2021 00:00,20303088,EUR,Y,-1,2,FIXED,ANNUAL,SIA,ACT/ACT_ISMA,ACT/ACT_ISMA,ACT/360,0,,,,,,,,,,,,,,,,
1,DE0001104792,25625021,BOND,EUR,BUNDESSCHATZANWEISUNGEN 0 11Mar2022,AT MATURITY,FIXED,GERMAN BONDS,11/03/2021 00:00,11/03/2021 00:00,11/03/2022 00:00,11/03/2022 00:00,20/02/2020 00:00,20/02/2020 00:00,0.01,0.01,0.01,Govt,20/02/2020 00:00,11/03/2022 00:00,21606335,EUR,Y,-1,2,FIXED,ANNUAL,SIA,ACT/ACT_ISMA,ACT/ACT_ISMA,ACT/360,0,,,,,,,,,,,,,,,,
2,DE0001104735,24145070,BOND,EUR,BUNDESSCHATZANWEISUNGEN 0 11Sep2020,AT MATURITY,FIXED,GERMAN BONDS,11/09/2019 00:00,11/09/2019 00:00,11/09/2020 00:00,11/09/2020 00:00,23/08/2018 00:00,23/08/2018 00:00,0.01,0.01,0.01,Govt,23/08/2018 00:00,11/09/2020 00:00,20248248,EUR,Y,-1,2,FIXED,ANNUAL,SIA,ACT/ACT_ISMA,ACT/ACT_ISMA,ACT/360,0,,,,,,,,,,,,,,,,
20,DE0001104727,24089473,BOND,EUR,BUNDESSCHATZANWEISUNGEN 0 12Jun2020,AT MATURITY,FIXED,GERMAN BONDS,12/06/2019 00:00,12/06/2019 00:00,12/06/2020 00:00,12/06/2020 00:00,25/05/2018 00:00,25/05/2018 00:00,0.01,0.01,0.01,Govt,25/05/2018 00:00,12/06/2020 00:00,20203079,EUR,Y,-1,2,FIXED,ANNUAL,SIA,ACT/ACT_ISMA,ACT/ACT_ISMA,ACT/360,0,,,,,,,,,,,,,,,,
8,DE0001104750,24170834,BOND,EUR,BUNDESSCHATZANWEISUNGEN 0 12Mar2021,AT MATURITY,FIXED,GERMAN BONDS,12/03/2020 00:00,12/03/2020 00:00,12/03/2021 00:00,12/03/2021 00:00,28/02/2019 00:00,28/02/2019 00:00,0.01,0.01,0.01,Govt,28/02/2019 00:00,12/03/2021 00:00,20255395,EUR,Y,-1,2,FIXED,ANNUAL,SIA,ACT/ACT_ISMA,ACT/ACT_ISMA,ACT/360,0,,,,,,,,,,,,,,,,
1,DE0001104701,23505076,BOND,EUR,BUNDESSCHATZANWEISUNGEN 0 13Dec2019,AT MATURITY,FIXED,GERMAN BONDS,13/12/2018 00:00,13/12/2018 00:00,13/12/2019 00:00,13/12/2019 00:00,16/11/2017 00:00,16/11/2017 00:00,0.01,0.01,0.01,Govt,16/11/2017 00:00,13/12/2019 00:00,19837174,EUR,Y,-1,2,FIXED,ANNUAL,SIA,ACT/ACT_ISMA,ACT/ACT_ISMA,ACT/360,0,,,,,,,,,,,,,,,,
19,DE0001104693,23319574,BOND,EUR,BUNDESSCHATZANWEISUNGEN 0 13Sep2019,AT MATURITY,FIXED,GERMAN BONDS,13/09/2018 00:00,13/09/2018 00:00,13/09/2019 00:00,13/09/2019 00:00,31/08/2017 00:00,31/08/2017 00:00,0.01,0.01,0.01,Govt,31/08/2017 00:00,13/09/2019 00:00,19634857,EUR,Y,-1,2,FIXED,ANNUAL,SIA,ACT/ACT_ISMA,ACT/ACT_ISMA,ACT/360,0,,,,,,,,,,,,,,,,
5,DE0001104685,23163042,BOND,EUR,BUNDESSCHATZANWEISUNGEN 0 14Jun2019,AT MATURITY,FIXED,GERMAN BONDS,14/06/2018 00:00,14/06/2018 00:00,14/06/2019 00:00,14/06/2019 00:00,25/05/2017 00:00,25/05/2017 00:00,0.01,0.01,0.01,Govt,25/05/2017 00:00,14/06/2019 00:00,19464928,EUR,Y,-1,2,FIXED,ANNUAL,SIA,ACT/ACT_ISMA,ACT/ACT_ISMA,ACT/360,0,,,,,,,,,,,,,,,,
6,XF0000017230,23597503,BOND,EUR,CFCB OENAPFE 5.020000 11Apr2034,AT MATURITY,FIXED,GERMAN BONDS,11/04/2005 00:00,11/04/2033 00:00,11/04/2034 00:00,11/04/2034 00:00,08/04/2004 00:00,08/04/2004 00:00,100,1000000,1000000,Corp,08/04/2004 00:00,11/04/2034 00:00,19939462,EUR,Y,-1,2,FIXED,ANNUAL,SIA,ACT/ACT_ISMA,ACT/ACT_ISMA,ACT/360,5.02,,,,,,,,,,,,,,,,
1,DE000CZ40LM6,22531285,BOND,EUR,COMMERZBANK AG 0.050000 11Jul2024,AT MATURITY,FIXED,GERMAN BONDS,11/07/2017 00:00,11/07/2023 00:00,11/07/2024 00:00,11/07/2024 00:00,11/07/2016 00:00,11/07/2016 00:00,1000,1000,1000,Corp,11/07/2016 00:00,11/07/2024 00:00,18722850,EUR,Y,-1,2,FIXED,ANNUAL,SIA,ACT/ACT_ISMA,ACT/ACT_ISMA,ACT/360,0.05,,,,,,,,,,,,,,,,
1,DE000CB0F4U3,22571488,BOND,EUR,COMMERZBANK AG 0.400000 05Sep2022 373,AT MATURITY,FIXED,GERMAN BONDS,05/09/2017 00:00,05/09/2021 00:00,05/09/2022 00:00,05/09/2022 00:00,05/09/2016 00:00,05/09/2016 00:00,1000,1000,1000,Corp,05/09/2016 00:00,05/09/2022 00:00,18768661,EUR,Y,-1,2,FIXED,ANNUAL,SIA,ACT/ACT_ISMA,ACT/ACT_ISMA,ACT/360,0.4,,,,,,,,,,,,,,,,
2,DE000CB0BXT4,22049103,BOND,EUR,COMMERZBANK AG 2.500000 05Jan2021,AT MATURITY,FIXED,GERMAN BONDS,05/01/2017 00:00,05/01/2020 00:00,05/01/2021 00:00,05/01/2021 00:00,23/10/2015 00:00,23/10/2015 00:00,1000,1000,1000,Corp,23/10/2015 00:00,05/01/2021 00:00,18178062,EUR,Y,-1,2,FIXED,ANNUAL,SIA,ACT/ACT_ISMA,ACT/ACT_ISMA,ACT/360,2.5,,,,,,,,,,,,,,,,
2,DE000A1A6LM2,8596836,BOND,EUR,DEUT PFANDBRIEFBANK AG 4.000000 22Oct2019 5039,AT MATURITY,FIXED,GERMAN BONDS,22/10/2010 00:00,22/10/2018 00:00,22/10/2019 00:00,22/10/2019 00:00,22/10/2009 00:00,22/10/2009 00:00,1000,1000,1000,Corp,22/10/2009 00:00,22/10/2019 00:00,4653377,EUR,Y,-1,2,FIXED,ANNUAL,SIA,ACT/ACT_ISMA,ACT/ACT_ISMA,ACT/360,4,,,,,,,,,,,,,,,,
2,DE000A2LQPB3,25788658,BOND,EUR,FREIE HANSESTADT HAMBURG 0 07Apr2026,AT MATURITY,FIXED,GERMAN BONDS,07/04/2021 00:00,07/04/2025 00:00,07/04/2026 00:00,07/04/2026 00:00,07/04/2020 00:00,07/04/2020 00:00,1000,1000,1000,Govt,07/04/2020 00:00,07/04/2026 00:00,21752302,EUR,Y,-1,2,FIXED,ANNUAL,SIA,ACT/ACT_ISMA,ACT/ACT_ISMA,ACT/360,0,,,,,,,,,,,,,,,,
1,DE000A168528,24219773,BOND,EUR,FREIE HANSESTADT HAMBURG 0.800000 11Apr2034,AT MATURITY,FIXED,GERMAN BONDS,11/04/2020 00:00,11/04/2033 00:00,11/04/2034 00:00,11/04/2034 00:00,11/04/2019 00:00,11/04/2019 00:00,1000,1000,1000,Govt,11/04/2019 00:00,11/04/2034 00:00,20294966,EUR,Y,-1,2,FIXED,ANNUAL,SIA,ACT/ACT_ISMA,ACT/ACT_ISMA,ACT/360,0.8,,,,,,,,,,,,,,,,
1,DE0001053528,25792762,BOND,EUR,FREISTAAT BAYERN 0.150000 03Apr2030,AT MATURITY,FIXED,GERMAN BONDS,03/04/2021 00:00,03/04/2029 00:00,03/04/2030 00:00,03/04/2030 00:00,03/04/2020 00:00,03/04/2020 00:00,1000,1000,1000,Govt,03/04/2020 00:00,03/04/2030 00:00,21756195,EUR,Y,-1,2,FIXED,ANNUAL,SIA,ACT/ACT_ISMA,ACT/ACT_ISMA,ACT/360,0.15,,,,,,,,,,,,,,,,
1,DE0001053379,9016472,BOND,EUR,FREISTAAT BAYERN 3.250000 24Mar2020 118,AT MATURITY,FIXED,GERMAN BONDS,24/03/2011 00:00,24/03/2019 00:00,24/03/2020 00:00,24/03/2020 00:00,24/03/2010 00:00,24/03/2010 00:00,1000,1000,1000,Govt,24/03/2010 00:00,24/03/2020 00:00,5197431,EUR,Y,-1,2,FIXED,ANNUAL,SIA,ACT/ACT_ISMA,ACT/ACT_ISMA,ACT/360,3.25,,,,,,,,,,,,,,,,
2,DE000HCB0AB4,24962949,BOND,EUR,HAMBURG COMMERCIAL BNK 0.740000 15Dec2021 2707,AT MATURITY,FIXED,GERMAN BONDS,15/12/2019 00:00,15/12/2020 00:00,15/12/2021 00:00,15/12/2021 00:00,08/05/2019 00:00,08/05/2019 00:00,100000,100000,100000,Corp,08/05/2019 00:00,15/12/2021 00:00,21000826,EUR,Y,-1,2,FIXED,ANNUAL,SIA,ACT/ACT_ISMA,ACT/ACT_ISMA,ACT/360,0.74,,,,,,,,,,,,,,,,
1,DE000A2LQK72,24238036,BOND,EUR,INVESTITIONSBANK BERLIN 0 16Jul2026 203,AT MATURITY,FIXED,GERMAN BONDS,16/07/2020 00:00,16/07/2025 00:00,16/07/2026 00:00,16/07/2026 00:00,16/07/2019 00:00,16/07/2019 00:00,100000,100000,100000,Corp,16/07/2019 00:00,16/07/2026 00:00,20308646,EUR,Y,-1,2,FIXED,ANNUAL,SIA,ACT/ACT_ISMA,ACT/ACT_ISMA,ACT/360,0,,,,,,,,,,,,,,,,
1,DE0001040624,7841907,BOND,EUR,LAND BADEN-WUERTTEMBERG 4.000000 22Jan2019 88,AT MATURITY,FIXED,GERMAN BONDS,22/01/2010 00:00,22/01/2018 00:00,22/01/2019 00:00,22/01/2019 00:00,22/01/2009 00:00,22/01/2009 00:00,1000,1000,1000,Govt,22/01/2009 00:00,22/01/2019 00:00,3822511,EUR,Y,-1,2,FIXED,ANNUAL,SIA,ACT/ACT_ISMA,ACT/ACT_ISMA,ACT/360,4,,,,,,,,,,,,,,,,
1,DE000A2NB9T6,24237351,BOND,EUR,LAND BERLIN 0.625000 15Jul2039,AT MATURITY,FIXED,GERMAN BONDS,15/07/2020 00:00,15/07/2038 00:00,15/07/2039 00:00,15/07/2039 00:00,17/07/2019 00:00,17/07/2019 00:00,1000,1000,1000,Govt,17/07/2019 00:00,15/07/2039 00:00,20308208,EUR,Y,-1,2,FIXED,ANNUAL,SIA,ACT/ACT_ISMA,ACT/ACT_ISMA,ACT/360,0.625,,,,,,,,,,,,,,,,
2,DE000A168015,22299376,BOND,EUR,LAND BERLIN 0.625000 20Mar2026 487,AT MATURITY,FIXED,GERMAN BONDS,20/03/2017 00:00,20/03/2025 00:00,20/03/2026 00:00,20/03/2026 00:00,22/03/2016 00:00,22/03/2016 00:00,1000,1000,1000,Govt,22/03/2016 00:00,20/03/2026 00:00,18467206,EUR,Y,-1,2,FIXED,ANNUAL,SIA,ACT/ACT_ISMA,ACT/ACT_ISMA,ACT/360,0.625,,,,,,,,,,,,,,,,
1,DE000A1PGSJ4,16879834,BOND,EUR,LAND BRANDENBURG 1.500000 12Feb2020,AT MATURITY,FIXED,GERMAN BONDS,12/02/2014 00:00,12/02/2019 00:00,12/02/2020 00:00,12/02/2020 00:00,12/02/2013 00:00,12/02/2013 00:00,1000,1000,1000,Govt,12/02/2013 00:00,12/02/2020 00:00,13287726,EUR,Y,-1,2,FIXED,ANNUAL,SIA,ACT/ACT_ISMA,ACT/ACT_ISMA,ACT/360,1.5,,,,,,,,,,,,,,,,
1,DE000A1RQC51,23217529,BOND,EUR,LAND HESSEN 0.125000 20Jun2024 1703,AT MATURITY,FIXED,GERMAN BONDS,20/06/2018 00:00,20/06/2023 00:00,20/06/2024 00:00,20/06/2024 00:00,20/06/2017 00:00,20/06/2017 00:00,1000,1000,1000,Govt,20/06/2017 00:00,20/06/2024 00:00,19521846,EUR,Y,-1,2,FIXED,ANNUAL,SIA,ACT/ACT_ISMA,ACT/ACT_ISMA,ACT/360,0.125,,,,,,,,,,,,,,,,
1,DE000A1RQC85,24019903,BOND,EUR,LAND HESSEN 0.125000 27Apr2023 1706,AT MATURITY,FIXED,GERMAN BONDS,27/04/2019 00:00,27/04/2022 00:00,27/04/2023 00:00,27/04/2023 00:00,27/04/2018 00:00,27/04/2018 00:00,1000,1000,1000,Govt,27/04/2018 00:00,27/04/2023 00:00,20166604,EUR,Y,-1,2,FIXED,ANNUAL,SIA,ACT/ACT_ISMA,ACT/ACT_ISMA,ACT/360,0.125,,,,,,,,,,,,,,,,
2,DE000A1RQCY2,22443826,BOND,EUR,LAND HESSEN 0.375000 06Jul2026 1605,AT MATURITY,FIXED,GERMAN BONDS,06/07/2017 00:00,06/07/2025 00:00,06/07/2026 00:00,06/07/2026 00:00,14/06/2016 00:00,14/06/2016 00:00,1000,1000,1000,Govt,14/06/2016 00:00,06/07/2026 00:00,18630576,EUR,Y,-1,2,FIXED,ANNUAL,SIA,ACT/ACT_ISMA,ACT/ACT_ISMA,ACT/360,0.375,,,,,,,,,,,,,,,,
1,DE000A2DAHG0,22874313,BOND,EUR,LAND NIEDERSACHSEN 0 10Jan2022 867,AT MATURITY,FIXED,GERMAN BONDS,10/01/2018 00:00,10/01/2021 00:00,10/01/2022 00:00,10/01/2022 00:00,10/01/2017 00:00,10/01/2017 00:00,1000,1000,1000,Govt,10/01/2017 00:00,10/01/2022 00:00,19138320,EUR,Y,-1,2,FIXED,ANNUAL,SIA,ACT/ACT_ISMA,ACT/ACT_ISMA,ACT/360,0,,,,,,,,,,,,,,,,
1,DE000A161YU8,21907188,BOND,EUR,LAND NIEDERSACHSEN 0.125000 12Aug2019 854,AT MATURITY,FIXED,GERMAN BONDS,12/08/2016 00:00,12/08/2018 00:00,12/08/2019 00:00,12/08/2019 00:00,12/08/2015 00:00,12/08/2015 00:00,1000,1000,1000,Govt,12/08/2015 00:00,12/08/2019 00:00,18030135,EUR,Y,-1,2,FIXED,ANNUAL,SIA,ACT/ACT_ISMA,ACT/ACT_ISMA,ACT/360,0.125,,,,,,,,,,,,,,,,
2,DE000A2G9G15,23596534,BOND,EUR,LAND NIEDERSACHSEN 0.375000 09Jan2026 878,AT MATURITY,FIXED,GERMAN BONDS,09/01/2019 00:00,09/01/2025 00:00,09/01/2026 00:00,09/01/2026 00:00,10/01/2018 00:00,10/01/2018 00:00,1000,1000,1000,Govt,10/01/2018 00:00,09/01/2026 00:00,19938079,EUR,Y,-1,2,FIXED,ANNUAL,SIA,ACT/ACT_ISMA,ACT/ACT_ISMA,ACT/360,0.375,,,,,,,,,,,,,,,,
1,DE000A2G8V17,23632423,BOND,EUR,LAND NIEDERSACHSEN 0.750000 15Feb2028 879,AT MATURITY,FIXED,GERMAN BONDS,15/02/2019 00:00,15/02/2027 00:00,15/02/2028 00:00,15/02/2028 00:00,31/01/2018 00:00,31/01/2018 00:00,1000,1000,1000,Govt,31/01/2018 00:00,15/02/2028 00:00,19980686,EUR,Y,-1,2,FIXED,ANNUAL,SIA,ACT/ACT_ISMA,ACT/ACT_ISMA,ACT/360,0.75,,,,,,,,,,,,,,,,
2,DE000A12T4B4,21358768,BOND,EUR,LAND NIEDERSACHSEN 1.000000 18Aug2022 843,AT MATURITY,FIXED,GERMAN BONDS,18/08/2015 00:00,18/08/2021 00:00,18/08/2022 00:00,18/08/2022 00:00,18/08/2014 00:00,18/08/2014 00:00,1000,1000,1000,Govt,18/08/2014 00:00,18/08/2022 00:00,17458272,EUR,Y,-1,2,FIXED,ANNUAL,SIA,ACT/ACT_ISMA,ACT/ACT_ISMA,ACT/360,1,,,,,,,,,,,,,,,,
1,DE000A1RE5F7,15629265,BOND,EUR,LAND NIEDERSACHSEN 1.375000 10Oct2019 831,AT MATURITY,FIXED,GERMAN BONDS,10/10/2013 00:00,10/10/2018 00:00,10/10/2019 00:00,10/10/2019 00:00,08/10/2012 00:00,08/10/2012 00:00,1000,1000,1000,Govt,08/10/2012 00:00,10/10/2019 00:00,12053376,EUR,Y,-1,2,FIXED,ANNUAL,SIA,ACT/ACT_ISMA,ACT/ACT_ISMA,ACT/360,1.375,,,,,,,,,,,,,,,,
1,DE000A1REYA2,15499125,BOND,EUR,LAND NIEDERSACHSEN 1.375000 26Sep2019 829,AT MATURITY,FIXED,GERMAN BONDS,26/09/2013 00:00,26/09/2018 00:00,26/09/2019 00:00,26/09/2019 00:00,26/09/2012 00:00,26/09/2012 00:00,1000,1000,1000,Govt,26/09/2012 00:00,26/09/2019 00:00,11914576,EUR,Y,-1,2,FIXED,ANNUAL,SIA,ACT/ACT_ISMA,ACT/ACT_ISMA,ACT/360,1.375,,,,,,,,,,,,,,,,
3,DE000NRW0L93,25783563,BOND,EUR,LAND NORDRHEIN-WESTFALEN 0 02Apr2024,AT MATURITY,FIXED,GERMAN BONDS,02/04/2021 00:00,02/04/2023 00:00,02/04/2024 00:00,02/04/2024 00:00,02/04/2020 00:00,02/04/2020 00:00,1000,1000,1000,Govt,02/04/2020 00:00,02/04/2024 00:00,21748840,EUR,Y,-1,2,FIXED,ANNUAL,SIA,ACT/ACT_ISMA,ACT/ACT_ISMA,ACT/360,0,,,,,,,,,,,,,,,,
1,DE000NRW0ME3,25859242,BOND,EUR,LAND NORDRHEIN-WESTFALEN 0 05May2025,AT MATURITY,FIXED,GERMAN BONDS,05/05/2021 00:00,05/05/2024 00:00,05/05/2025 00:00,05/05/2025 00:00,05/05/2020 00:00,05/05/2020 00:00,1000,1000,1000,Govt,05/05/2020 00:00,05/05/2025 00:00,21816262,EUR,Y,-1,2,FIXED,ANNUAL,SIA,ACT/ACT_ISMA,ACT/ACT_ISMA,ACT/360,0,,,,,,,,,,,,,,,,
1,DE000NRW0H99,22211093,BOND,EUR,LAND NORDRHEIN-WESTFALEN 0.750000 16Jan2026,AT MATURITY,FIXED,GERMAN BONDS,16/01/2017 00:00,16/01/2025 00:00,16/01/2026 00:00,16/01/2026 00:00,29/01/2016 00:00,29/01/2016 00:00,1000,1000,1000,Govt,29/01/2016 00:00,16/01/2026 00:00,18364936,EUR,Y,-1,2,FIXED,ANNUAL,SIA,ACT/ACT_ISMA,ACT/ACT_ISMA,ACT/360,0.75,,,,,,,,,,,,,,,,
1,DE000NRW0F67,21504773,BOND,EUR,LAND NORDRHEIN-WESTFALEN 1.000000 16Jan2025,AT MATURITY,FIXED,GERMAN BONDS,16/01/2015 00:00,16/01/2024 00:00,16/01/2025 00:00,16/01/2025 00:00,27/11/2014 00:00,27/11/2014 00:00,1000,1000,1000,Govt,27/11/2014 00:00,16/01/2025 00:00,17608531,EUR,Y,-1,2,FIXED,ANNUAL,SIA,ACT/ACT_ISMA,ACT/ACT_ISMA,ACT/360,1,,,,,,,,,,,,,,,,
1,DE000NRW1006,6070070,BOND,EUR,LAND NORDRHEIN-WESTFALEN 4.375000 29Apr2022 790,AT MATURITY,FIXED,GERMAN BONDS,29/04/2008 00:00,29/04/2021 00:00,29/04/2022 00:00,29/04/2022 00:00,30/04/2007 00:00,30/04/2007 00:00,1000,1000,1000,Govt,30/04/2007 00:00,29/04/2022 00:00,1706744,EUR,Y,-1,2,FIXED,ANNUAL,SIA,ACT/ACT_ISMA,ACT/ACT_ISMA,ACT/360,4.375,,,,,,,,,,,,,,,,
1,DE000RLP0777,22595256,BOND,EUR,LAND RHEINLAND-PFALZ 0.100000 18Aug2026,AT MATURITY,FIXED,GERMAN BONDS,18/08/2017 00:00,18/08/2025 00:00,18/08/2026 00:00,18/08/2026 00:00,18/08/2016 00:00,18/08/2016 00:00,1000,1000,1000,Govt,18/08/2016 00:00,18/08/2026 00:00,18796293,EUR,Y,-1,2,FIXED,ANNUAL,SIA,ACT/ACT_ISMA,ACT/ACT_ISMA,ACT/360,0.1,,,,,,,,,,,,,,,,
1,DE000A11QP00,21177286,BOND,EUR,LAND SACHSEN-ANHALT 1.875000 10Apr2024,AT MATURITY,FIXED,GERMAN BONDS,10/04/2015 00:00,10/04/2023 00:00,10/04/2024 00:00,10/04/2024 00:00,10/04/2014 00:00,10/04/2014 00:00,1000,1000,1000,Govt,10/04/2014 00:00,10/04/2024 00:00,17262944,EUR,Y,-1,2,FIXED,ANNUAL,SIA,ACT/ACT_ISMA,ACT/ACT_ISMA,ACT/360,1.875,,,,,,,,,,,,,,,,
3,DE000SHFM683,24223105,BOND,EUR,LAND SCHLESWIG-HOLSTEIN 0.250000 18Apr2028,AT MATURITY,FIXED,GERMAN BONDS,18/04/2020 00:00,18/04/2027 00:00,18/04/2028 00:00,18/04/2028 00:00,18/04/2019 00:00,18/04/2019 00:00,1000,1000,1000,Govt,18/04/2019 00:00,18/04/2028 00:00,20297801,EUR,Y,-1,2,FIXED,ANNUAL,SIA,ACT/ACT_ISMA,ACT/ACT_ISMA,ACT/360,0.25,,,,,,,,,,,,,,,,
1,DE000SHFM527,22395538,BOND,EUR,LAND SCHLESWIG-HOLSTEIN 0.500000 19May2026,AT MATURITY,FIXED,GERMAN BONDS,19/05/2017 00:00,19/05/2025 00:00,19/05/2026 00:00,19/05/2026 00:00,19/05/2016 00:00,19/05/2016 00:00,1000,1000,1000,Govt,19/05/2016 00:00,19/05/2026 00:00,18577839,EUR,Y,-1,2,FIXED,ANNUAL,SIA,ACT/ACT_ISMA,ACT/ACT_ISMA,ACT/360,0.5,,,,,,,,,,,,,,,,
1,DE000A289NS4,25859851,BOND,EUR,LAND THUERINGEN 0.050000 06May2030,AT MATURITY,FIXED,GERMAN BONDS,06/05/2021 00:00,06/05/2029 00:00,06/05/2030 00:00,06/05/2030 00:00,06/05/2020 00:00,06/05/2020 00:00,1000,1000,1000,Govt,06/05/2020 00:00,06/05/2030 00:00,21817102,EUR,Y,-1,2,FIXED,ANNUAL,SIA,ACT/ACT_ISMA,ACT/ACT_ISMA,ACT/360,0.05,,,,,,,,,,,,,,,,
1,DE000A13SMR9,21521943,BOND,EUR,LAND THUERINGEN 0.250000 09Dec2019,AT MATURITY,FIXED,GERMAN BONDS,09/12/2015 00:00,09/12/2018 00:00,09/12/2019 00:00,09/12/2019 00:00,09/12/2014 00:00,09/12/2014 00:00,1000,1000,1000,Govt,09/12/2014 00:00,09/12/2019 00:00,17625997,EUR,Y,-1,2,FIXED,ANNUAL,SIA,ACT/ACT_ISMA,ACT/ACT_ISMA,ACT/360,0.25,,,,,,,,,,,,,,,,
2,DE000HLB2TP9,25804747,BOND,EUR,LANDBK HESSEN-THUERINGEN 0.150000 06May2024 05e/,AT MATURITY,FIXED,GERMAN BONDS,06/05/2021 00:00,06/05/2023 00:00,06/05/2024 00:00,06/05/2024 00:00,06/05/2020 00:00,06/05/2020 00:00,1000,1000,1000,Corp,06/05/2020 00:00,06/05/2024 00:00,21766725,EUR,Y,-1,2,FIXED,ANNUAL,SIA,ACT/ACT_ISMA,ACT/ACT_ISMA,ACT/360,0.15,,,,,,,,,,,,,,,,
2,DE000HLB5KE5,23594285,BOND,EUR,LANDBK HESSEN-THUERINGEN 0.300000 09May2022 02a/,AT MATURITY,FIXED,GERMAN BONDS,09/05/2019 00:00,09/05/2021 00:00,09/05/2022 00:00,09/05/2022 00:00,09/02/2018 00:00,09/02/2018 00:00,1000,1000,1000,Corp,09/02/2018 00:00,09/05/2022 00:00,19934929,EUR,Y,-1,2,FIXED,ANNUAL,SIA,ACT/ACT_ISMA,ACT/ACT_ISMA,ACT/360,0.3,,,,,,,,,,,,,,,,
2,DE000HLB2H70,22962463,BOND,EUR,LANDBK HESSEN-THUERINGEN 0.320000 14May2021,AT MATURITY,FIXED,GERMAN BONDS,14/05/2018 00:00,14/05/2020 00:00,14/05/2021 00:00,14/05/2021 00:00,15/02/2017 00:00,15/02/2017 00:00,100,100000,100000,Corp,15/02/2017 00:00,14/05/2021 00:00,19240224,EUR,Y,-1,2,FIXED,ANNUAL,SIA,ACT/ACT_ISMA,ACT/ACT_ISMA,ACT/360,0.32,,,,,,,,,,,,,,,,
2,DE000HLB5KF2,23594083,BOND,EUR,LANDBK HESSEN-THUERINGEN 0.400000 07Feb2023 02b/,AT MATURITY,FIXED,GERMAN BONDS,07/02/2019 00:00,07/02/2022 00:00,07/02/2023 00:00,07/02/2023 00:00,07/02/2018 00:00,07/02/2018 00:00,1000,1000,1000,Corp,07/02/2018 00:00,07/02/2023 00:00,19934687,EUR,Y,-1,2,FIXED,ANNUAL,SIA,ACT/ACT_ISMA,ACT/ACT_ISMA,ACT/360,0.4,,,,,,,,,,,,,,,,
2,DE000HLB2TS3,25804753,BOND,EUR,LANDBK HESSEN-THUERINGEN 0.500000 04May2028 05g,AT MATURITY,FIXED,GERMAN BONDS,04/05/2021 00:00,04/05/2027 00:00,04/05/2028 00:00,04/05/2028 00:00,04/05/2020 00:00,04/05/2020 00:00,1000,1000,1000,Corp,04/05/2020 00:00,04/05/2028 00:00,21766729,EUR,Y,-1,2,FIXED,ANNUAL,SIA,ACT/ACT_ISMA,ACT/ACT_ISMA,ACT/360,0.5,,,,,,,,,,,,,,,,
1,DE000HLB3ZD0,24156907,BOND,EUR,LANDBK HESSEN-THUERINGEN 0.750000 11Feb2027,AT MATURITY,FIXED,GERMAN BONDS,11/02/2020 00:00,11/02/2026 00:00,11/02/2027 00:00,11/02/2027 00:00,11/02/2019 00:00,11/02/2019 00:00,1000,1000,1000,Corp,11/02/2019 00:00,11/02/2027 00:00,20254619,EUR,Y,-1,2,FIXED,ANNUAL,SIA,ACT/ACT_ISMA,ACT/ACT_ISMA,ACT/360,0.75,,,,,,,,,,,,,,,,
1,DE000LFA1685,22603985,BOND,EUR,LFA FOERDERBANK BAYERN 0.250000 24Aug2026 1168,AT MATURITY,FIXED,GERMAN BONDS,24/08/2017 00:00,24/08/2025 00:00,24/08/2026 00:00,24/08/2026 00:00,24/08/2016 00:00,24/08/2016 00:00,1000,1000,1000,Corp,24/08/2016 00:00,24/08/2026 00:00,18815441,EUR,Y,-1,2,FIXED,ANNUAL,SIA,ACT/ACT_ISMA,ACT/ACT_ISMA,ACT/360,0.25,,,,,,,,,,,,,,,,
1,DE000LFA1453,21279259,BOND,EUR,LFA FOERDERBANK BAYERN 1.500000 16Jun2023,AT MATURITY,FIXED,GERMAN BONDS,16/06/2015 00:00,16/06/2022 00:00,16/06/2023 00:00,16/06/2023 00:00,16/06/2014 00:00,16/06/2014 00:00,1000,1000,1000,Corp,16/06/2014 00:00,16/06/2023 00:00,17365857,EUR,Y,-1,2,FIXED,ANNUAL,SIA,ACT/ACT_ISMA,ACT/ACT_ISMA,ACT/360,1.5,,,,,,,,,,,,,,,,
1,DE000A254S82,25793016,BOND,EUR,MECKLENBURG-VORPOMMERN 0.010000 07Apr2027,AT MATURITY,FIXED,GERMAN BONDS,07/04/2021 00:00,07/04/2026 00:00,07/04/2027 00:00,07/04/2027 00:00,07/04/2020 00:00,07/04/2020 00:00,1000,1000,1000,Govt,07/04/2020 00:00,07/04/2027 00:00,21756573,EUR,Y,-1,2,FIXED,ANNUAL,SIA,ACT/ACT_ISMA,ACT/ACT_ISMA,ACT/360,0.01,,,,,,,,,,,,,,,,
1,DE000NLB8DX6,21397961,BOND,EUR,NORDDEUTSCHE LANDESBANK 0.875000 10Sep2020 1799,AT MATURITY,FIXED,GERMAN BONDS,10/09/2015 00:00,10/09/2019 00:00,10/09/2020 00:00,10/09/2020 00:00,10/09/2014 00:00,10/09/2014 00:00,500,500,500,Corp,10/09/2014 00:00,10/09/2020 00:00,17498214,EUR,Y,-1,2,FIXED,ANNUAL,SIA,ACT/ACT_ISMA,ACT/ACT_ISMA,ACT/360,0.875,,,,,,,,,,,,,,,,
2,DE000NLB2GD4,18117581,BOND,EUR,NORDDEUTSCHE LANDESBANK 1.625000 04Jun2020 1682,AT MATURITY,FIXED,GERMAN BONDS,04/06/2014 00:00,04/06/2019 00:00,04/06/2020 00:00,04/06/2020 00:00,04/06/2013 00:00,04/06/2013 00:00,500,500,500,Corp,04/06/2013 00:00,04/06/2020 00:00,14540529,EUR,Y,-1,2,FIXED,ANNUAL,SIA,ACT/ACT_ISMA,ACT/ACT_ISMA,ACT/360,1.625,,,,,,,,,,,,,,,,
1,DE000NLB6AU2,8326297,BOND,EUR,NORDDEUTSCHE LANDESBANK 5.090000 01Jul2019 1083,AT MATURITY,FIXED,GERMAN BONDS,01/07/2010 00:00,01/07/2018 00:00,01/07/2019 00:00,01/07/2019 00:00,01/07/2009 00:00,01/07/2009 00:00,50000,50000,50000,Corp,01/07/2009 00:00,01/07/2019 00:00,4363196,EUR,Y,-1,2,FIXED,ANNUAL,SIA,ACT/ACT_ISMA,ACT/ACT_ISMA,ACT/360,5.09,,,,,,,,,,,,,,,,
3,DE000NWB17S6,22978999,BOND,EUR,NRW.BANK 0.625000 23Feb2027,AT MATURITY,FIXED,GERMAN BONDS,23/02/2018 00:00,23/02/2026 00:00,23/02/2027 00:00,23/02/2027 00:00,23/02/2017 00:00,23/02/2017 00:00,1000,1000,1000,Corp,23/02/2017 00:00,23/02/2027 00:00,19258977,EUR,Y,-1,2,FIXED,ANNUAL,SIA,ACT/ACT_ISMA,ACT/ACT_ISMA,ACT/360,0.625,,,,,,,,,,,,,,,,
1,DE000NWB18M7,24202342,BOND,EUR,NRW.BANK 1.200000 28Mar2039,AT MATURITY,FIXED,GERMAN BONDS,28/03/2020 00:00,28/03/2038 00:00,28/03/2039 00:00,28/03/2039 00:00,28/03/2019 00:00,28/03/2019 00:00,1000,1000,1000,Corp,28/03/2019 00:00,28/03/2039 00:00,20280783,EUR,Y,-1,2,FIXED,ANNUAL,SIA,ACT/ACT_ISMA,ACT/ACT_ISMA,ACT/360,1.2,,,,,,,,,,,,,,,,
2,DE000NWB15R2,15261384,BOND,EUR,NRW.BANK 1.750000 03Sep2021,AT MATURITY,FIXED,GERMAN BONDS,03/09/2013 00:00,03/09/2020 00:00,03/09/2021 00:00,03/09/2021 00:00,03/09/2012 00:00,03/09/2012 00:00,1000,1000,1000,Corp,03/09/2012 00:00,03/09/2021 00:00,11675895,EUR,Y,-1,2,FIXED,ANNUAL,SIA,ACT/ACT_ISMA,ACT/ACT_ISMA,ACT/360,1.75,,,,,,,,,,,,,,,,
2,DE000NWB15G5,14006926,BOND,EUR,NRW.BANK 2.375000 02May2022 15G,AT MATURITY,FIXED,GERMAN BONDS,02/05/2013 00:00,02/05/2021 00:00,02/05/2022 00:00,02/05/2022 00:00,02/05/2012 00:00,02/05/2012 00:00,1000,1000,1000,Corp,02/05/2012 00:00,02/05/2022 00:00,10402459,EUR,Y,-1,2,FIXED,ANNUAL,SIA,ACT/ACT_ISMA,ACT/ACT_ISMA,ACT/360,2.375,,,,,,,,,,,,,,,,
